Title,Price,Rating
"Amazon Basics 2 Slice, Extra-Wide Slot Toaster with 6 Shade Settings, Black & Silver",23.81,4.3 out of 5 stars
"Cuisinart CPT-122BK 2-Slice Compact Plastic Toaster, Black",29.95,4.0 out of 5 stars
"Mueller UltraToast Full Stainless Steel Toaster 4 Slice, Long Extra-Wide Slots with Removable Tray, Cancel/Defrost/Reheat Functions, 6 Browning Levels with LED Display",39.97,4.4 out of 5 stars
"BELLA 2 Slice Toaster with Auto Shut Off - Extra Wide Slots & Removable Crumb Tray and Cancel, Defrost & Reheat Function - Toast Bread, Bagel & Waffle, Aqua",24.91,4.4 out of 5 stars
"Elite Gourmet ECT1027B Cool Touch Toaster with 6 Temperature Settings & Extra Wide 1.25"" Slots for Bagels, Waffles, Specialty Breads, Puff Pastry, Snacks, ETL Certified, 2 Slices, Black",15.99,4.2 out of 5 stars
"Runnatal 2 Slice Toaster, 100% Stainless Steel, Wide Slot Toaster Multifunctional with 7 Toast Settings, Defrost, BAGEL, Cancel Functions, Easy to Operate and Clean 120V 800W Silver Metallic",25.99,4.3 out of 5 stars
"Mueller Retro Toaster 2 Slice with 7 Browning Levels and 3 Functions: Reheat, Defrost & Cancel, Stainless Steel Features, Removable Crumb Tray, Under Base Cord Storage, White",27.87,4.3 out of 5 stars
"BELLA 2 Slice Toaster with Auto Shut Off - Extra Wide Slots & Removable Crumb Tray and Cancel, Defrost & Reheat Function - Toast Bread, Bagel & Waffle, White",24.86,4.4 out of 5 stars
"Amazon Basics 2 Slice, Extra-Wide Slot Toaster with 6 Shade Settings, Black & Silver",23.81,4.3 out of 5 stars
"BLACK+DECKER 2-Slice Toaster, T2569B, Extra Wide Slots, 6 Shade Settings, 850 Watts, Crub Tray, Cancel Button",24.99,4.5 out of 5 stars
Toaster 2 Slice Wide Slot Toaster Best Rated Prime Displav Smart Toasters with LCD Digital Countdown Timer and Bagel/Defrost/Cancel/Reheat Function,26.99,4.4 out of 5 stars
"SEEDEEM Toaster 2 Slice, Stainless Steel Bread Toaster LCD Display, 7 Bread Shade Settings, 1.4'' Wide Slots Toaster Bagel/Defrost/Reheat Functions, Removable Crumb Tray, 900W, Dark Metallic",31.50,4.3 out of 5 stars
"Elite Gourmet ECT-3100 Long Slot 4 Slice Toaster, Reheat, 6 Toast Settings, Defrost, Cancel Functions, Built-in Warming Rack, Extra Wide Slots for Bagels & Waffles, Stainless Steel & Black",34.99,4.4 out of 5 stars
"2 Slice Black Toaster with Wide Slots, Bagel Function, 7 Shade Settings, Removable Crumb Tray - Compact Prime Rated Toaster for Bread, Waffles",19.99,4.3 out of 5 stars
"Hamilton Beach 2 Slice Toaster with Extra-Wide Slots, Bagel Setting, Toast Boost, Slide-Out Crumb Tray, Auto-Shutoff & Cancel Button, Defrost Function, Stainless Steel (22794)",29.99,4.3 out of 5 stars
"BLACK+DECKER 2-Slice Toaster, T2569B, Extra Wide Slots, 6 Shade Settings, 850 Watts, Crub Tray, Cancel Button",24.99,4.5 out of 5 stars
"BELLA Stainless Steel 2 Slice Toaster with Extra Wide Slots & Removable Crumb Tray - 6 Browning Options, Auto Shut Off & Reheat Function - Toast Bread, Bagel & Waffle",22.86,4.1 out of 5 stars
"Toaster 4 Slice,Retro Stainless Steel Toater with 7 Shade Settings,Best Prime Toaster for Waffles, 4 Slice Toaster with 3 Mode，Bagels and More Lainsten Toaster T-527",39.99,4.5 out of 5 stars
"BELLA 2 Slice Toaster with Auto Shut Off - Extra Wide Slots & Removable Crumb Tray and Cancel, Defrost & Reheat Function - Toast Bread, Bagel & Waffle, Black",24.99,4.4 out of 5 stars
"Continental Electric CE-TT029 Toaster, 4 Slice,Cool Touch, Black",19.96,4.3 out of 5 stars
"Peach Street 2 Slice Toaster Compact Bread Toaster with Digital Countdown, Wide Slots, Auto-Pop Stainless Steel, 6 Browning Levels, Removable Crumb Tray, with Defrost, Bagel, and Cancel Function",23.29,4.6 out of 5 stars
"Mecity 4 Slice Toaster, Long Slot Toaster With Warming Rack, Bagel/Defrost/Reheat Functions,Warming Rack, Crumb Tray, 6 Browning Settings, Extra Wide Long Slots, Stainless Steel, 1300W,Grey",39.99,4.3 out of 5 stars
"BLACK+DECKER 4-Slice Toaster, TR1478BD, Extra Wide Slots, 7 Shade Settings, 1400 Watts, Frozen and Bagel Buttons",29.96,4.5 out of 5 stars
"Cuisinart 2-Slice Toaster Oven, Compact, White, CPT-122",29.95,4.0 out of 5 stars
"West Bend 77224 Toaster 2 Slice QuikServe Wide Slot Slide Through with Bagel and Gluten-Free Settings and Cool Touch Exterior Includes Removable Serving Tray, Black",29.99,4.2 out of 5 stars
"CROWNFUL 2-Slice Toaster, Extra Wide Slots Toaster, Retro Stainless Steel with Bagel, Cancel, Defrost, Reheat Function and 6-Shade Settings, Removal Crumb Tray, Black",37.99,4.6 out of 5 stars
"Toaster 2 Slices, Stainless Steel JEWJIO Retro Toaster with 1.5"" Extra Wide Slot for 6 Bread Shades Setting/Bagel/Defrost/Reheat/Cancel Function/Removable Crumb Tray 800W, Classic Silver",39.99,4.3 out of 5 stars
"BLACK+DECKER 4-Slice Toaster, TR1410BD, Extra-Wide, 7 Shade Settings, Crumb Trays, Gloss Black",39.99,4.5 out of 5 stars
"2 Slice Stainless Steel Toaster Retro with 6 Bread Shade Settings, Bagel, Cancel, Defrost Function, 2 Slice Toaster with Extra Wide Slot, Removable Crumb Tray, White",38.99,4.5 out of 5 stars
"Runnatal 2 Slice Toaster, 100% Stainless Steel, Wide Slot Toaster Multifunctional with 7 Toast Settings, Defrost, BAGEL, Cancel Functions, Easy to Operate and Clean 120V 800W Silver Metallic",25.99,4.3 out of 5 stars
"Elite Gourmet ECT1027B Cool Touch Toaster with 6 Temperature Settings & Extra Wide 1.25"" Slots for Bagels, Waffles, Specialty Breads, Puff Pastry, Snacks, ETL Certified, 2 Slices, Black",15.99,4.2 out of 5 stars
"Proctor Silex 4 Slice Toaster with Extra Wide Slots for Bagels, Cool-Touch Walls, Shade Selector, Toast Boost, Auto Shut-off and Cancel Button, Black (24215PS)",39.99,4.5 out of 5 stars
"Hamilton Beach Gourmet 2 Slice Slot Toaster with Extra Long & Wide Slots, Sure-Toast Technology, Shade Selector, Bagel Setting, Matte Black and Stainless Steel (22996)",29.99,4.5 out of 5 stars
"BLACK+DECKER 4-Slice Crisp 'N Bake Air Fry Toaster Oven, TO1787SS, 5 Cooking Functions, 30 Minute Timer, Stainless Steel",39.96,4.4 out of 5 stars
"OVENTE Electric 2 Slice Toaster Machine with 6-Shade Toast Settings, 700W Power, Removable Crumb Tray and Compact Design Perfect for Toasting Bread, Bagels, Waffles and Puff Pastry, Black TP2210B",15.99,4.0 out of 5 stars
"Runnatal 2 Slice Toaster, 100% Stainless Steel, Wide Slot Toaster Multifunctional with 7 Toast Settings, Defrost, BAGEL, Cancel Functions, Easy to Operate and Clean 120V 800W Silver Metallic",25.99,4.3 out of 5 stars
"BLACK+DECKER® 2-Slice Toaster with 7 Toast Shade Settings, Extra-Wide Slots for Bagels, Stainless Steel Exterior Finish",24.99,4.2 out of 5 stars
"Elite Gourmet ECT-1027 Cool Touch Toaster, 7 Toast Settings Cancel Functions, Slide Out Crumb Tray, Extra Wide 1.5"" Slots for Bagels Waffles Specialty Breads, Puff Pastry, Snacks, White",15.99,4.1 out of 5 stars
"BELLA 2 Slice Toaster with Auto Shut Off - Extra Wide Slots & Removable Crumb Tray and Cancel, Defrost & Reheat Function - Toast Bread, Bagel & Waffle, Blue",24.99,4.4 out of 5 stars
"Hamilton Beach 2 Slice Toaster with Extra-Wide Slots, Bagel Setting, Toast Boost, Slide-Out Crumb Tray, Auto-Shutoff & Cancel Button, Defrost Function, Stainless Steel (22794)",29.99,4.3 out of 5 stars
"SEEDEEM Toaster 2 Slice, Stainless Toaster Color LCD Display, 7 Shade Settings, Warming Rack, 1.4'' Wide Slots Toaster, Bagel, Defrost, Reheat Functions, Removable Crumb Tray, 900W, Dark Metallic",37.99,4.5 out of 5 stars
"Toaster 2 Slice, CUSIMAX Stainless Steel Toaster with Large LED Display, Bread Toaster 1.5'' Extra-wide Slots with 6 Browning Settings, Cancel/Bagel/Defrost Function, Removable Crumb Tray, Silver",39.99,4.5 out of 5 stars
"BLACK+DECKER 2-Slice Toaster, Rapid Toast, Stainless Steel, TR3500SD",37.99,4.2 out of 5 stars
"Nostalgia Retro Wide 2-Slice Toaster, Vintage Design With Crumb Tray, Cord Storage & 5 Toasting Levels, Red",34.99,4.7 out of 5 stars
"Frigidaire ETO102-BLACK, 2 Slice Toaster, Retro Style, Wide Slot for Bread, English Muffins, Croissants, and Bagels, 5 Adjustable Toast Settings, Cancel and Defrost, 900w, Black",36.34,4.4 out of 5 stars
"Hamilton Beach 2 Slice Extra Wide Slot Toaster with Bagel & Defrost Settings, Shade Selector, Toast Boost, Auto Shutoff, Black & Stainless Steel (22633)",28.99,4.4 out of 5 stars
"Hamilton Beach 2 Slice Toaster with Extra Wide Slots, Shade Selector, Auto-Shutoff, Cancel Button and Toast Boost, Black",21.99,4.2 out of 5 stars
"Proctor Silex 4 Slice Toaster with Extra Wide Slots for Bagels, Cool-Touch Walls, Shade Selector, Toast Boost, Auto Shut-off and Cancel Button, White (24214PS)",39.99,4.2 out of 5 stars
Amazon Basics 4 Slot Toaster - Black,39.99,4.5 out of 5 stars
"2 slice toaster, Retro Bagel Toaster Toaster with 7 Bread Shade Settings, 2 Extra Wide Slots, Defrost/Bagel/Cancel Function, Removable Crumb Tray, Stainless Steel Toaster by Yabano, Silver",37.99,4.5 out of 5 stars
"Dominion 2-Slice Toaster with Shade Control, Slide-Out Crumb Tray, Auto-Shutoff, Toast Lift, Black",13.99,3.7 out of 5 stars
"Runnatal 2 Slice Toaster, 100% Stainless Steel, Wide Slot Toaster Multifunctional with 7 Toast Settings, Defrost, BAGEL, Cancel Functions, Easy to Operate and Clean 120V 800W Silver Metallic",25.99,4.3 out of 5 stars
"BELLA 2 Slice Toaster with Auto Shut Off - Extra Wide Slots & Removable Crumb Tray and Cancel, Defrost & Reheat Function - Toast Bread, Bagel & Waffle, Aqua",24.91,4.4 out of 5 stars
Smart Toaster Digital Tuch Screen Toaster with 5 Bread Selection 7 Shade Setting and Bagel/Defrost/Cancel/Reheat Function 1.5” 2 Slice Stainless Steel Toaster with Removable Crumb Tray,34.99,5.0 out of 5 stars
"YSSOA 2-Slice Toaster with Extra Wide Slot & Removable Crumb Tray, 5 Browning Setting and 3 Function: Bagel/Defrost/Cancel, Retro Stainless-Steel Style, for Bread & Waffle, Black",28.81,4.4 out of 5 stars
"Toaster 2 Slice, Extra-Wide Slot Toasters for Bagels, Bread, Waffles, 7 Shade Settings, 4 Main Functions, Removable Crumb Tray, 900 Watts, Brushed Stainless Steel",32.99,4.4 out of 5 stars
